{
  "name": "Angle",
  "keywords": "Angle convert seconds minutes hours degrees radians",
  "description": "Library to convert between floating point angle to minutes hours representation.",
  "authors":
  [
    {
      "name": "Rob Tillaart",
      "email": "Rob.Tillaart@gmail.com",
      "maintainer": true
    }
  ],
  "repository":
  {
    "type": "git",
    "url": "https://github.com/RobTillaart/Arduino.git"
  },
  "frameworks": "arduino",
  "platforms": "*",
  "export": {
    "include": "libraries/Angle"
  }
}
