{
  "name": "ParPrinter",
  "keywords": "Parallel printer ",
  "description": "Experimental (not complete) library to connect a parallel printer to Arduino. Implements printer interface.",
  "authors":
  [
    {
      "name": "Rob Tillaart",
      "email": "Rob.Tillaart@gmail.com",
      "maintainer": true
    }
  ],
  "repository":
  {
    "type": "git",
    "url": "https://github.com/RobTillaart/Arduino.git"
  },
  "frameworks": "arduino",
  "platforms": "*",
  "export": {
    "include": "libraries/ParPrinter"
  }
}
